7673.0	8584.0
2870.0	2915.0
7654.0	8560.0
6684.0	7278.0
8014.0	9027.0
11340.0	13400.0
4355.0	4436.0
8284.0	9375.0
6800.0	7424.0
9774.0	11342.0
2011.0	2043.0
9876.0	11476.0
10910.0	12839.0
10875.0	12790.0
397.0	406.0
5557.0	5798.0
1962.0	1993.0
8813.0	10068.0
4148.0	4228.0
8186.0	9256.0
6669.0	7257.0
7402.0	8221.0
9816.0	11396.0
8251.0	9333.0
8618.0	9827.0
10697.0	12541.0
655.0	666.0
6763.0	7381.0
976.0	994.0
1588.0	1611.0
11028.0	12996.0
9602.0	11105.0
10252.0	11974.0
11674.0	13844.0
7408.0	8230.0
2457.0	2498.0
8670.0	9891.0
10258.0	11981.0
7364.0	8173.0
9864.0	11463.0
11013.0	12974.0
3640.0	3709.0
2739.0	2783.0
9371.0	10799.0
8517.0	9685.0
4037.0	4115.0
450.0	459.0
4069.0	4147.0
6089.0	6491.0
4107.0	4186.0
11798.0	13988.0
3877.0	3952.0
6851.0	7503.0
131.0	136.0
1388.0	1410.0
9455.0	10910.0
3546.0	3609.0
9103.0	10451.0
405.0	414.0
2836.0	2881.0
2796.0	2840.0
8879.0	10160.0
10362.0	12128.0
625.0	635.0
5943.0	6298.0
956.0	974.0
2427.0	2468.0
213.0	219.0
5380.0	5566.0
1734.0	1763.0
5839.0	6164.0
7261.0	8045.0
4909.0	5006.0
4352.0	4433.0
2896.0	2942.0
9930.0	11553.0
2381.0	2421.0
4472.0	4556.0
4776.0	4871.0
287.0	293.0
5209.0	5335.0
1611.0	1634.0
1856.0	1886.0
797.0	811.0
3456.0	3517.0
3021.0	3067.0
10424.0	12204.0
2926.0	2972.0
203.0	209.0
8512.0	9679.0
7511.0	8364.0
4262.0	4343.0
6586.0	7149.0
3845.0	3920.0
7679.0	8591.0
4821.0	4917.0
4607.0	4697.0
7193.0	7961.0
6260.0	6725.0
6767.0	7385.0
3431.0	3492.0
7930.0	8924.0
5652.0	5920.0
6634.0	7210.0
5052.0	5154.0
54.0	58.0
4417.0	4498.0
1336.0	1358.0
9737.0	11291.0
8302.0	9404.0
1533.0	1556.0
1833.0	1863.0
5543.0	5781.0
3997.0	4074.0
4904.0	5001.0
7745.0	8681.0
9342.0	10764.0
2245.0	2282.0
3158.0	3205.0
6216.0	6668.0
5497.0	5724.0
8376.0	9507.0
4637.0	4729.0
6484.0	7008.0
4079.0	4157.0
11015.0	12976.0
1311.0	1333.0
3019.0	3065.0
3189.0	3237.0
8350.0	9465.0
5088.0	5191.0
7455.0	8294.0
11721.0	13896.0
6872.0	7530.0
2181.0	2215.0
7171.0	7930.0
8488.0	9648.0
4702.0	4796.0
4689.0	4783.0
7489.0	8339.0
2120.0	2152.0
3947.0	4024.0
161.0	166.0
7252.0	8034.0
10866.0	12775.0
2933.0	2979.0
2101.0	2133.0
7088.0	7825.0
3242.0	3292.0
2334.0	2373.0
9894.0	11501.0
6735.0	7345.0
7805.0	8762.0
10737.0	12597.0
8238.0	9320.0
9522.0	10996.0
4852.0	4948.0
11333.0	13392.0
4485.0	4569.0
2207.0	2241.0
6030.0	6412.0
2642.0	2686.0
79.0	83.0
9147.0	10500.0
2779.0	2823.0
9553.0	11043.0
76.0	80.0
1837.0	1867.0
3110.0	3157.0
7296.0	8088.0
1147.0	1167.0
6119.0	6541.0
9037.0	10362.0
3707.0	3779.0
9134.0	10486.0
10350.0	12111.0
9285.0	10688.0
5914.0	6264.0
4400.0	4481.0
1415.0	1437.0
616.0	625.0
9000.0	10314.0
8168.0	9236.0
3075.0	3122.0
470.0	479.0
4150.0	4230.0
681.0	692.0
9736.0	11290.0
6139.0	6567.0
236.0	242.0
11449.0	13553.0
9278.0	10678.0
8560.0	9740.0
262.0	268.0
10224.0	11936.0
435.0	444.0
10488.0	12284.0
4151.0	4231.0
5177.0	5296.0
5382.0	5571.0
5320.0	5490.0
827.0	842.0
2218.0	2253.0
2020.0	2052.0
3500.0	3561.0
3521.0	3582.0
6849.0	7498.0
5787.0	6098.0
5043.0	5145.0
3372.0	3431.0
2057.0	2089.0
4783.0	4879.0
5894.0	6238.0
5493.0	5720.0
2012.0	2044.0
3487.0	3548.0
9001.0	10315.0
10359.0	12124.0
8046.0	9074.0
4487.0	4571.0
2844.0	2889.0
9477.0	10941.0
9135.0	10487.0
9976.0	11616.0
1381.0	1403.0
4071.0	4149.0
5200.0	5325.0
2962.0	3008.0
3605.0	3670.0
8781.0	10024.0
1834.0	1864.0
7375.0	8185.0
5991.0	6364.0
333.0	340.0
4808.0	4904.0
5485.0	5709.0
35.0	38.0
5280.0	5431.0
2799.0	2843.0
11695.0	13866.0
7396.0	8211.0
5524.0	5757.0
6149.0	6581.0
1032.0	1050.0
2460.0	2501.0
11436.0	13536.0
5073.0	5175.0
11020.0	12982.0
3851.0	3926.0
11564.0	13702.0
774.0	788.0
628.0	638.0
65.0	69.0
9978.0	11619.0
5501.0	5730.0
10245.0	11963.0
3547.0	3610.0
67.0	71.0
4360.0	4441.0
10343.0	12100.0
6693.0	7289.0
11459.0	13566.0
10524.0	12329.0
3291.0	3346.0
3804.0	3879.0
10511.0	12314.0
460.0	469.0
9055.0	10387.0
2634.0	2678.0
942.0	960.0
6857.0	7515.0
3301.0	3356.0
11644.0	13805.0
11608.0	13755.0
10748.0	12613.0
9741.0	11295.0
1148.0	1168.0
9427.0	10874.0
1070.0	1088.0
8804.0	10053.0
4505.0	4590.0
2591.0	2634.0
5553.0	5793.0
6043.0	6427.0
3819.0	3894.0
2872.0	2917.0
5059.0	5161.0
2384.0	2424.0
9403.0	10841.0
6515.0	7050.0
1718.0	1747.0
1981.0	2012.0
4936.0	5033.0
3393.0	3454.0
2622.0	2666.0
8685.0	9909.0
4550.0	4637.0
871.0	886.0
9131.0	10482.0
3022.0	3068.0
4916.0	5013.0
2451.0	2492.0
1747.0	1776.0
1950.0	1981.0
7426.0	8253.0
1326.0	1348.0
3391.0	3452.0
153.0	158.0
4475.0	4559.0
10005.0	11660.0
4956.0	5054.0
8544.0	9719.0
10230.0	11944.0
3550.0	3613.0
6245.0	6700.0
11119.0	13120.0
202.0	207.0
9988.0	11635.0
905.0	921.0
11732.0	13910.0
8882.0	10163.0
11043.0	13019.0
11007.0	12963.0
338.0	345.0
9497.0	10968.0
8892.0	10177.0
2914.0	2960.0
5953.0	6312.0
633.0	644.0
10988.0	12936.0
11669.0	13836.0
5997.0	6371.0
10712.0	12565.0
7086.0	7823.0
5607.0	5861.0
303.0	309.0
8131.0	9182.0
8428.0	9575.0
9461.0	10921.0
3324.0	3379.0
5482.0	5706.0
2997.0	3043.0
4758.0	4853.0
70.0	74.0
654.0	665.0
6212.0	6661.0
700.0	711.0
7769.0	8714.0
5297.0	5459.0
10660.0	12494.0
4579.0	4666.0
5677.0	5950.0
1166.0	1186.0
4574.0	4661.0
5409.0	5604.0
5175.0	5294.0
121.0	125.0
2909.0	2955.0
6136.0	6560.0
11284.0	13331.0
6315.0	6801.0
433.0	442.0
9990.0	11637.0
4339.0	4420.0
9793.0	11367.0
11048.0	13027.0
8982.0	10287.0
4732.0	4827.0
10992.0	12940.0
5260.0	5401.0
6772.0	7390.0
114.0	118.0
426.0	435.0
909.0	925.0
6194.0	6634.0
7409.0	8231.0
3421.0	3482.0
683.0	694.0
1029.0	1047.0
2524.0	2566.0
3408.0	3469.0
207.0	213.0
3134.0	3181.0
1682.0	1709.0
576.0	585.0
1067.0	1085.0
1963.0	1994.0
3855.0	3930.0
10213.0	11922.0
9514.0	10986.0
11771.0	13954.0
6169.0	6605.0
2984.0	3030.0
902.0	918.0
8189.0	9261.0
1086.0	1106.0
8379.0	9511.0
1614.0	1637.0
13.0	14.0
11403.0	13494.0
4526.0	4611.0
6292.0	6769.0
9048.0	10374.0
870.0	885.0
3387.0	3448.0
4573.0	4660.0
9064.0	10399.0
1668.0	1694.0
4380.0	4461.0
4045.0	4123.0
8575.0	9761.0
8092.0	9129.0
2808.0	2852.0
1787.0	1816.0
168.0	173.0
5416.0	5613.0
8120.0	9169.0
8532.0	9703.0
6041.0	6424.0
6629.0	7204.0
1656.0	1682.0
9275.0	10675.0
2735.0	2779.0
1804.0	1833.0
7530.0	8390.0
4078.0	4156.0
7192.0	7958.0
1430.0	1452.0
2225.0	2260.0
2757.0	2801.0
9306.0	10716.0
2563.0	2606.0
3839.0	3914.0
11311.0	13366.0
7135.0	7884.0
852.0	867.0
4432.0	4514.0
5587.0	5835.0
6409.0	6917.0
505.0	514.0
1749.0	1778.0
2377.0	2417.0
4520.0	4605.0
4977.0	5076.0
2498.0	2539.0
5570.0	5816.0
8815.0	10070.0
8502.0	9665.0
4659.0	4751.0
1774.0	1803.0
9520.0	10993.0
2929.0	2975.0
2240.0	2275.0
2755.0	2799.0
7037.0	7761.0
1786.0	1815.0
5148.0	5257.0
6458.0	6979.0
6780.0	7398.0
8770.0	10009.0
7484.0	8334.0
5343.0	5520.0
6968.0	7673.0
11648.0	13809.0
9800.0	11377.0
7622.0	8513.0
7123.0	7866.0
4104.0	4183.0
10174.0	11872.0
1511.0	1534.0
10243.0	11961.0
5473.0	5696.0
4246.0	4327.0
8638.0	9850.0
4584.0	4672.0
5037.0	5138.0
7956.0	8959.0
9093.0	10438.0
3309.0	3364.0
3529.0	3590.0
8451.0	9603.0
4781.0	4877.0
5265.0	5407.0
682.0	693.0
6227.0	6681.0
10199.0	11903.0
10966.0	12909.0
5905.0	6253.0
3561.0	3624.0
9125.0	10475.0
4314.0	4395.0
2260.0	2297.0
7537.0	8400.0
8997.0	10310.0
2949.0	2995.0
8947.0	10242.0
11566.0	13704.0
5619.0	5875.0
4279.0	4360.0
5647.0	5913.0
5980.0	6350.0
1621.0	1645.0
3950.0	4027.0
10534.0	12339.0
6674.0	7266.0
3005.0	3051.0
6841.0	7488.0
3551.0	3614.0
10771.0	12650.0
7660.0	8569.0
2029.0	2061.0
7955.0	8958.0
3083.0	3130.0
401.0	410.0
4947.0	5044.0
3259.0	3314.0
4597.0	4685.0
10935.0	12871.0
11660.0	13824.0
5834.0	6158.0
92.0	96.0
9076.0	10416.0
6450.0	6970.0
154.0	159.0
2339.0	2378.0
2447.0	2488.0
4369.0	4450.0
7814.0	8777.0
5860.0	6195.0
8050.0	9080.0
5363.0	5547.0
2856.0	2901.0
910.0	926.0
1616.0	1639.0
8541.0	9712.0
3858.0	3933.0
8267.0	9353.0
979.0	997.0
6096.0	6499.0
7103.0	7845.0
8832.0	10095.0
989.0	1007.0
4753.0	4848.0
559.0	568.0
11745.0	13926.0
5172.0	5287.0
1473.0	1496.0
7720.0	8646.0
9328.0	10743.0
11549.0	13683.0
10965.0	12907.0
11622.0	13775.0
4406.0	4487.0
9805.0	11382.0
1144.0	1164.0
2706.0	2750.0
1777.0	1806.0
1021.0	1039.0
3983.0	4060.0
7208.0	7982.0
425.0	434.0
756.0	769.0
179.0	184.0
1878.0	1908.0
9608.0	11114.0
3088.0	3135.0
2004.0	2036.0
3739.0	3811.0
6384.0	6890.0
3996.0	4073.0
9891.0	11497.0
1116.0	1136.0
1754.0	1783.0
9142.0	10494.0
2168.0	2202.0
119.0	123.0
4872.0	4968.0
5152.0	5262.0
11592.0	13735.0
3674.0	3744.0
673.0	684.0
7945.0	8944.0
621.0	631.0
7232.0	8008.0
627.0	637.0
10888.0	12807.0
2942.0	2988.0
2070.0	2102.0
1512.0	1535.0
5162.0	5276.0
7516.0	8372.0
597.0	606.0
4482.0	4566.0
6417.0	6925.0
5941.0	6296.0
752.0	765.0
9148.0	10502.0
7615.0	8500.0
2892.0	2937.0
7920.0	8910.0
11389.0	13475.0
1703.0	1732.0
10107.0	11791.0
7867.0	8842.0
5308.0	5476.0
429.0	438.0
9557.0	11049.0
6654.0	7239.0
11705.0	13878.0
10482.0	12277.0
4726.0	4820.0
4301.0	4382.0
6371.0	6873.0
7851.0	8821.0
317.0	323.0
583.0	592.0
2669.0	2713.0
221.0	227.0
2726.0	2770.0
8103.0	9149.0
4722.0	4816.0
4297.0	4378.0
2730.0	2774.0
4803.0	4899.0
5288.0	5447.0
266.0	272.0
9795.0	11370.0
10664.0	12498.0
894.0	910.0
575.0	584.0
3863.0	3938.0
6399.0	6907.0
4771.0	4866.0
1583.0	1606.0
5345.0	5522.0
2661.0	2705.0
5091.0	5195.0
9004.0	10319.0
3427.0	3488.0
8283.0	9374.0
7497.0	8348.0
3741.0	3813.0
2146.0	2179.0
135.0	140.0
5411.0	5606.0
5326.0	5499.0
11113.0	13114.0
5638.0	5903.0
8788.0	10034.0
6436.0	6951.0
8533.0	9704.0
3784.0	3859.0
11135.0	13141.0
7518.0	8375.0
366.0	374.0
4366.0	4447.0
4615.0	4707.0
4831.0	4927.0
537.0	546.0
7398.0	8213.0
8959.0	10259.0
11130.0	13134.0
783.0	797.0
9664.0	11180.0
8366.0	9490.0
4222.0	4303.0
7987.0	8995.0
4326.0	4407.0
3131.0	3178.0
3340.0	3396.0
1277.0	1299.0
8133.0	9184.0
10756.0	12623.0
4519.0	4604.0
6967.0	7671.0
4251.0	4332.0
1914.0	1945.0
7044.0	7769.0
6721.0	7329.0
6453.0	6973.0
3627.0	3695.0
3476.0	3537.0
6966.0	7670.0
7857.0	8828.0
9370.0	10798.0
10145.0	11838.0
4725.0	4819.0
8761.0	9998.0
6646.0	7226.0
6655.0	7240.0
9469.0	10932.0
2294.0	2331.0
10474.0	12265.0
2985.0	3031.0
5771.0	6075.0
5241.0	5378.0
8073.0	9107.0
7239.0	8019.0
4793.0	4889.0
11706.0	13879.0
2186.0	2220.0
10812.0	12704.0
9705.0	11244.0
9775.0	11343.0
4609.0	4700.0
1137.0	1157.0
7754.0	8692.0
11506.0	13623.0
3481.0	3542.0
8184.0	9254.0
4901.0	4998.0
6053.0	6439.0
8655.0	9870.0
9454.0	10909.0
3448.0	3509.0
7365.0	8174.0
9174.0	10538.0
526.0	535.0
5125.0	5229.0
1622.0	1646.0
9865.0	11464.0
1930.0	1961.0
1585.0	1608.0
8765.0	10003.0
8435.0	9583.0
2489.0	2530.0
11017.0	12979.0
1384.0	1406.0
4981.0	5080.0
1305.0	1327.0
7421.0	8246.0
5053.0	5155.0
1935.0	1966.0
6580.0	7139.0
2820.0	2864.0
1136.0	1156.0
6492.0	7017.0
6675.0	7267.0
7425.0	8252.0
9317.0	10728.0
3539.0	3601.0
10246.0	11965.0
3492.0	3553.0
667.0	678.0
388.0	397.0
11341.0	13401.0
243.0	249.0
420.0	429.0
11378.0	13459.0
2528.0	2570.0
10422.0	12202.0
3898.0	3973.0
4118.0	4197.0
273.0	279.0
6505.0	7036.0
2724.0	2768.0
3314.0	3369.0
8296.0	9395.0
3433.0	3494.0
715.0	728.0
5029.0	5130.0
11383.0	13467.0
1399.0	1421.0
2116.0	2148.0
88.0	92.0
6970.0	7675.0
2349.0	2388.0
4863.0	4959.0
3178.0	3225.0
11373.0	13451.0
1517.0	1540.0
10719.0	12573.0
9362.0	10786.0
3506.0	3567.0
10110.0	11797.0
2436.0	2477.0
3445.0	3506.0
9786.0	11356.0
4704.0	4798.0
9676.0	11198.0
7733.0	8664.0
7644.0	8546.0
7879.0	8856.0
881.0	896.0
10322.0	12072.0
6077.0	6470.0
8392.0	9529.0
10459.0	12248.0
4741.0	4836.0
11230.0	13262.0
255.0	261.0
10434.0	12217.0
217.0	223.0
2061.0	2093.0
9696.0	11228.0
9050.0	10379.0
9221.0	10595.0
11762.0	13945.0
4261.0	4342.0
7119.0	7862.0
2506.0	2548.0
8396.0	9536.0
2513.0	2555.0
53.0	57.0
11687.0	13858.0
5375.0	5561.0
5267.0	5409.0
3283.0	3338.0
7859.0	8830.0
766.0	779.0
3232.0	3282.0
3470.0	3531.0
7996.0	9005.0
8099.0	9143.0
6477.0	7001.0
6922.0	7606.0
3681.0	3751.0
479.0	488.0
6789.0	7410.0
3671.0	3740.0
7961.0	8965.0
4157.0	4237.0
613.0	622.0
2876.0	2921.0
7923.0	8913.0
8006.0	9016.0
4591.0	4679.0
7855.0	8825.0
7275.0	8062.0
3960.0	4037.0
6343.0	6837.0
10397.0	12172.0
11520.0	13641.0
7444.0	8281.0
6051.0	6437.0
6708.0	7312.0
6173.0	6609.0
10855.0	12762.0
5010.0	5111.0
532.0	541.0
7074.0	7807.0
5791.0	6104.0
5423.0	5627.0
9408.0	10847.0
6567.0	7120.0
2147.0	2180.0
9119.0	10468.0
3593.0	3658.0
10603.0	12422.0
8061.0	9094.0
10063.0	11736.0
901.0	917.0
8764.0	10001.0
951.0	969.0
11296.0	13345.0
144.0	149.0
9286.0	10689.0
2571.0	2614.0
7764.0	8708.0
6273.0	6741.0
1024.0	1042.0
5814.0	6132.0
329.0	336.0
10436.0	12221.0
1227.0	1248.0
7599.0	8484.0
1344.0	1366.0
1406.0	1428.0
3310.0	3365.0
2621.0	2665.0
3225.0	3275.0
7717.0	8643.0
3626.0	3694.0
1524.0	1547.0
9137.0	10489.0
9825.0	11408.0
4957.0	5055.0
5112.0	5216.0
7170.0	7929.0
200.0	205.0
1579.0	1602.0
6302.0	6786.0
5.0	6.0
195.0	200.0
4873.0	4969.0
5985.0	6355.0
6024.0	6404.0
6706.0	7308.0
2989.0	3035.0
3802.0	3877.0
8401.0	9542.0
8233.0	9313.0
2417.0	2458.0
996.0	1014.0
8981.0	10286.0
1295.0	1317.0
11117.0	13118.0
11086.0	13076.0
9993.0	11640.0
2251.0	2288.0
10142.0	11835.0
8413.0	9556.0
4020.0	4098.0
10132.0	11823.0
4755.0	4850.0
463.0	472.0
5710.0	5993.0
11410.0	13503.0
291.0	297.0
5739.0	6029.0
3497.0	3558.0
3237.0	3287.0
10829.0	12725.0
1265.0	1286.0
4276.0	4357.0
3971.0	4048.0
4018.0	4096.0
3018.0	3064.0
1860.0	1890.0
9016.0	10335.0
235.0	241.0
7281.0	8071.0
11517.0	13636.0
620.0	630.0
672.0	683.0
4161.0	4242.0
1707.0	1736.0
110.0	114.0
1542.0	1565.0
10673.0	12508.0
7107.0	7850.0
3668.0	3737.0
4595.0	4683.0
5766.0	6068.0
3895.0	3970.0
660.0	671.0
7330.0	8131.0
6362.0	6860.0
5169.0	5283.0
6771.0	7389.0
3326.0	3381.0
4378.0	4459.0
6741.0	7353.0
9583.0	11082.0
7436.0	8267.0
10583.0	12397.0
7848.0	8818.0
10972.0	12917.0
1293.0	1315.0
5649.0	5917.0
4109.0	4188.0
2698.0	2742.0
6729.0	7338.0
9354.0	10776.0
4149.0	4229.0
4076.0	4154.0
2074.0	2106.0
10327.0	12080.0
10087.0	11768.0
11676.0	13846.0
11419.0	13513.0
10665.0	12499.0
3064.0	3110.0
836.0	851.0
7846.0	8816.0
8378.0	9509.0
11041.0	13017.0
6758.0	7376.0
4147.0	4227.0
10244.0	11962.0
3749.0	3823.0
9731.0	11281.0
7127.0	7873.0
3683.0	3753.0
4617.0	4709.0
5624.0	5882.0
194.0	199.0
8411.0	9552.0
6129.0	6552.0
8656.0	9871.0
1831.0	1861.0
6816.0	7445.0
8272.0	9359.0
28.0	30.0
9450.0	10904.0
6463.0	6985.0
4556.0	4643.0
1652.0	1678.0
10166.0	11863.0
7447.0	8285.0
3238.0	3288.0
891.0	907.0
5179.0	5298.0
2575.0	2618.0
363.0	371.0
11539.0	13667.0
11010.0	12969.0
2328.0	2367.0
2835.0	2880.0
4450.0	4533.0
1862.0	1892.0
11190.0	13208.0
3953.0	4030.0
4110.0	4189.0
9808.0	11388.0
6466.0	6989.0
2954.0	3000.0
8118.0	9167.0
10731.0	12587.0
4097.0	4176.0
11031.0	13000.0
1870.0	1900.0
1706.0	1735.0
961.0	979.0
5503.0	5732.0
3729.0	3801.0
11138.0	13144.0
9742.0	11296.0
2445.0	2486.0
6489.0	7014.0
358.0	366.0
8853.0	10130.0
9509.0	10981.0
1693.0	1721.0
2555.0	2598.0
57.0	61.0
8565.0	9746.0
5864.0	6199.0
1640.0	1664.0
10907.0	12834.0
1515.0	1538.0
6523.0	7058.0
8971.0	10271.0
102.0	106.0
5779.0	6089.0
9412.0	10851.0
2360.0	2399.0
5231.0	5362.0
5565.0	5809.0
6744.0	7356.0
11737.0	13917.0
3625.0	3693.0
7399.0	8216.0
7714.0	8637.0
1972.0	2003.0
335.0	342.0
843.0	858.0
10290.0	12027.0
4868.0	4964.0
10933.0	12869.0
11214.0	13243.0
5167.0	5281.0
6248.0	6706.0
7512.0	8366.0
10847.0	12748.0
3398.0	3459.0
6198.0	6640.0
8600.0	9802.0
7541.0	8405.0
6543.0	7083.0
3507.0	3568.0
6639.0	7219.0
3635.0	3703.0
2759.0	2803.0
814.0	829.0
6306.0	6790.0
169.0	174.0
2106.0	2138.0
11526.0	13649.0
10616.0	12437.0
5601.0	5852.0
8432.0	9579.0
5998.0	6372.0
5031.0	5132.0
8624.0	9833.0
5688.0	5965.0
4447.0	4530.0
6701.0	7301.0
2113.0	2145.0
4747.0	4842.0
3165.0	3212.0
8111.0	9158.0
10822.0	12715.0
10054.0	11725.0
4731.0	4826.0
1043.0	1061.0
7124.0	7868.0
7299.0	8092.0
3205.0	3254.0
6929.0	7619.0
11433.0	13531.0
9433.0	10881.0
3888.0	3963.0
6335.0	6828.0
545.0	554.0
5593.0	5843.0
7093.0	7833.0
5741.0	6031.0
5369.0	5555.0
3647.0	3716.0
8171.0	9239.0
4287.0	4368.0
3479.0	3540.0
591.0	600.0
11244.0	13281.0
8045.0	9072.0
1732.0	1761.0
1288.0	1310.0
3767.0	3841.0
10029.0	11694.0
6584.0	7146.0
7366.0	8175.0
2364.0	2404.0
4197.0	4278.0
1555.0	1578.0
8884.0	10166.0
9425.0	10872.0
3221.0	3271.0
1548.0	1571.0
7943.0	8941.0
11407.0	13500.0
3224.0	3274.0
220.0	226.0
10951.0	12889.0
2732.0	2776.0
6990.0	7702.0
6143.0	6573.0
1897.0	1928.0
9570.0	11065.0
514.0	523.0
3730.0	3802.0
267.0	273.0
2992.0	3038.0
1553.0	1576.0
4358.0	4439.0
2228.0	2263.0
6885.0	7548.0
5471.0	5694.0
6205.0	6649.0
4493.0	4577.0
4652.0	4744.0
3378.0	3438.0
10807.0	12697.0
5767.0	6069.0
11003.0	12956.0
6006.0	6383.0
5819.0	6137.0
6065.0	6455.0
2183.0	2217.0
10563.0	12374.0
873.0	888.0
10238.0	11954.0
10196.0	11898.0
7633.0	8532.0
11582.0	13723.0
4600.0	4688.0
1338.0	1360.0
6986.0	7698.0
4035.0	4113.0
2298.0	2335.0
6640.0	7220.0
227.0	233.0
527.0	536.0
10305.0	12045.0
308.0	314.0
4433.0	4515.0
364.0	372.0
11083.0	13072.0
7155.0	7906.0
5795.0	6108.0
476.0	485.0
4992.0	5092.0
1874.0	1904.0
4387.0	4468.0
3698.0	3770.0
10543.0	12349.0
4889.0	4986.0
632.0	643.0
10683.0	12521.0
8277.0	9365.0
5441.0	5652.0
8270.0	9356.0
9008.0	10323.0
216.0	222.0
278.0	284.0
11250.0	13288.0
6786.0	7406.0
9010.0	10325.0
1921.0	1952.0
6853.0	7506.0
6331.0	6824.0
11639.0	13799.0
8256.0	9340.0
4668.0	4760.0
4199.0	4280.0
239.0	245.0
2475.0	2516.0
1361.0	1383.0
8937.0	10230.0
2171.0	2205.0
6754.0	7371.0
5028.0	5129.0
10835.0	12732.0
10372.0	12140.0
11354.0	13423.0
205.0	211.0
10982.0	12927.0
1232.0	1253.0
5835.0	6159.0
2638.0	2682.0
2890.0	2935.0
11521.0	13642.0
10299.0	12036.0
2267.0	2304.0
4083.0	4161.0
4757.0	4852.0
11495.0	13608.0
2532.0	2575.0
10127.0	11818.0
3818.0	3893.0
7010.0	7725.0
2013.0	2045.0
3227.0	3277.0
4515.0	4600.0
11042.0	13018.0
178.0	183.0
8390.0	9527.0
10994.0	12942.0
10441.0	12226.0
6520.0	7055.0
6383.0	6889.0
8726.0	9955.0
4285.0	4366.0
8354.0	9471.0
11386.0	13470.0
7728.0	8657.0
9702.0	11240.0
9369.0	10797.0
6975.0	7681.0
3268.0	3323.0
7991.0	9000.0
5625.0	5884.0
10419.0	12199.0
11404.0	13495.0
6613.0	7185.0
6709.0	7313.0
9399.0	10836.0
5805.0	6122.0
7508.0	8361.0
10402.0	12178.0
8907.0	10195.0
1005.0	1023.0
9579.0	11076.0
11183.0	13199.0
2744.0	2788.0
2930.0	2976.0
11485.0	13596.0
8803.0	10052.0
2182.0	2216.0
10790.0	12672.0
9859.0	11457.0
2527.0	2569.0
1767.0	1796.0
5334.0	5510.0
4399.0	4480.0
11178.0	13192.0
4922.0	5019.0
2329.0	2368.0
4081.0	4159.0
5509.0	5742.0
7235.0	8011.0
4514.0	4599.0
5246.0	5383.0
3675.0	3745.0
3850.0	3925.0
10355.0	12118.0
5020.0	5121.0
5733.0	6022.0
1997.0	2029.0
4603.0	4692.0
10518.0	12322.0
9474.0	10938.0
3957.0	4034.0
6830.0	7466.0
4667.0	4759.0
2955.0	3001.0
4420.0	4501.0
9385.0	10819.0
9704.0	11243.0
1721.0	1750.0
7102.0	7843.0
4444.0	4527.0
6134.0	6558.0
3857.0	3932.0
1161.0	1181.0
11204.0	13229.0
1167.0	1187.0
9415.0	10855.0
2059.0	2091.0
3861.0	3936.0
6947.0	7645.0
5453.0	5669.0
334.0	341.0
1540.0	1563.0
5690.0	5969.0
6901.0	7573.0
2112.0	2144.0
1592.0	1615.0
1771.0	1800.0
6213.0	6662.0
1923.0	1954.0
8208.0	9281.0
10639.0	12467.0
5385.0	5574.0
10274.0	12004.0
9811.0	11391.0
171.0	176.0
413.0	422.0
2514.0	2556.0
2472.0	2513.0
6320.0	6807.0
297.0	303.0
5869.0	6204.0
7071.0	7803.0
4748.0	4843.0
8985.0	10293.0
3029.0	3075.0
238.0	244.0
11012.0	12973.0
1334.0	1356.0
4896.0	4993.0
11066.0	13049.0
6514.0	7049.0
2047.0	2079.0
1808.0	1837.0
2978.0	3024.0
2586.0	2629.0
5038.0	5139.0
4541.0	4627.0
11025.0	12990.0
1038.0	1056.0
1565.0	1588.0
9853.0	11450.0
2945.0	2991.0
11614.0	13763.0
5958.0	6318.0
10442.0	12228.0
691.0	702.0
4497.0	4582.0
4507.0	4592.0
4737.0	4832.0
626.0	636.0
3342.0	3398.0
9175.0	10540.0
9943.0	11568.0
10852.0	12755.0
8835.0	10104.0
8957.0	10257.0
11411.0	13504.0
3058.0	3104.0
3657.0	3726.0
7831.0	8798.0
10100.0	11783.0
5015.0	5116.0
5255.0	5394.0
7738.0	8672.0
2016.0	2048.0
11021.0	12983.0
1655.0	1681.0
1900.0	1931.0
7850.0	8820.0
7479.0	8327.0
7470.0	8316.0
7587.0	8466.0
6419.0	6927.0
257.0	263.0
3140.0	3187.0
4299.0	4380.0
7297.0	8090.0
5132.0	5237.0
7291.0	8083.0
5443.0	5654.0
2741.0	2785.0
10814.0	12706.0
10210.0	11918.0
11638.0	13798.0
7656.0	8563.0
5752.0	6049.0
2274.0	2311.0
1453.0	1476.0
9986.0	11630.0
11352.0	13420.0
2903.0	2949.0
4512.0	4597.0
9013.0	10331.0
6521.0	7056.0
7098.0	7839.0
11323.0	13382.0
10670.0	12505.0
1302.0	1324.0
9584.0	11084.0
351.0	359.0
2601.0	2644.0
9367.0	10793.0
4959.0	5057.0
7459.0	8298.0
5999.0	6373.0
11801.0	13991.0
10894.0	12816.0
6935.0	7629.0
5318.0	5488.0
4090.0	4168.0
11783.0	13969.0
11513.0	13632.0
9347.0	10769.0
3633.0	3701.0
60.0	64.0
5934.0	6287.0
7225.0	8000.0
129.0	134.0
7504.0	8355.0
8933.0	10226.0
8087.0	9123.0
9810.0	11390.0
6022.0	6402.0
10072.0	11747.0
4963.0	5061.0
2800.0	2844.0
4715.0	4809.0
1373.0	1395.0
7722.0	8648.0
11488.0	13600.0
5388.0	5577.0
3919.0	3995.0
3105.0	3152.0
4616.0	4708.0
103.0	107.0
5944.0	6299.0
6416.0	6924.0
1851.0	1881.0
7719.0	8645.0
6200.0	6642.0
7790.0	8745.0
3200.0	3248.0
1936.0	1967.0
943.0	961.0
9630.0	11138.0
8220.0	9296.0
11753.0	13934.0
5903.0	6250.0
8926.0	10217.0
8394.0	9532.0
10152.0	11849.0
8702.0	9928.0
3252.0	3302.0
9247.0	10634.0
5469.0	5692.0
2005.0	2037.0
11219.0	13250.0
696.0	707.0
8414.0	9557.0
2220.0	2255.0
10437.0	12222.0
9641.0	11152.0
525.0	534.0
6073.0	6466.0
3623.0	3691.0
9847.0	11441.0
9587.0	11087.0
2842.0	2887.0
9304.0	10713.0
11789.0	13977.0
10936.0	12872.0
2484.0	2525.0
1521.0	1544.0
10039.0	11706.0
1387.0	1409.0
4168.0	4249.0
4052.0	4130.0
10531.0	12336.0
6440.0	6957.0
7646.0	8549.0
849.0	864.0
8848.0	10124.0
4144.0	4224.0
8239.0	9321.0
6091.0	6494.0
9946.0	11572.0
5036.0	5137.0
9126.0	10476.0
1657.0	1683.0
5668.0	5941.0
1514.0	1537.0
10031.0	11698.0
5080.0	5182.0
6415.0	6923.0
9958.0	11595.0
289.0	295.0
8425.0	9571.0
1714.0	1743.0
5061.0	5163.0
2359.0	2398.0
3412.0	3473.0
5898.0	6242.0
7604.0	8489.0
7547.0	8413.0
9379.0	10809.0
3935.0	4011.0
9330.0	10746.0
11197.0	13217.0
1798.0	1827.0
3748.0	3822.0
282.0	288.0
9255.0	10646.0
10867.0	12776.0
8698.0	9924.0
2812.0	2856.0
4423.0	4505.0
8883.0	10165.0
3278.0	3333.0
6206.0	6651.0
6626.0	7200.0
5506.0	5737.0
11259.0	13300.0
2879.0	2924.0
3059.0	3105.0
3736.0	3808.0
10398.0	12173.0
9428.0	10875.0
7355.0	8164.0
1237.0	1258.0
4374.0	4455.0
11014.0	12975.0
3192.0	3240.0
7995.0	9004.0
1174.0	1194.0
9409.0	10848.0
11756.0	13939.0
2209.0	2243.0
10217.0	11927.0
2617.0	2660.0
1782.0	1811.0
2145.0	2178.0
8625.0	9834.0
8059.0	9090.0
1126.0	1146.0
8351.0	9466.0
4318.0	4399.0
189.0	194.0
9224.0	10599.0
7195.0	7963.0
2746.0	2790.0
10780.0	12660.0
3552.0	3615.0
10944.0	12882.0
8393.0	9530.0
5926.0	6278.0
9214.0	10587.0
8142.0	9196.0
11337.0	13397.0
105.0	109.0
8910.0	10199.0
698.0	709.0
3245.0	3295.0
2970.0	3016.0
9555.0	11047.0
3586.0	3651.0
3558.0	3621.0
3191.0	3239.0
522.0	531.0
2309.0	2346.0
386.0	395.0
8754.0	9988.0
1685.0	1712.0
1537.0	1560.0
1438.0	1460.0
1925.0	1956.0
1193.0	1214.0
3065.0	3112.0
5748.0	6043.0
4453.0	4536.0
2598.0	2641.0
4305.0	4386.0
1759.0	1788.0
10925.0	12860.0
2846.0	2891.0
10485.0	12281.0
1127.0	1147.0
8281.0	9372.0
10121.0	11812.0
2060.0	2092.0
10912.0	12841.0
2124.0	2156.0
5913.0	6263.0
1664.0	1690.0
540.0	549.0
4878.0	4974.0
3880.0	3955.0
1825.0	1854.0
3734.0	3806.0
9840.0	11428.0
2973.0	3019.0
5240.0	5377.0
1335.0	1357.0
6756.0	7374.0
4552.0	4639.0
6350.0	6847.0
265.0	271.0
4984.0	5083.0
4181.0	4262.0
10803.0	12690.0
2696.0	2740.0
8082.0	9118.0
2039.0	2071.0
5842.0	6167.0
313.0	319.0
9700.0	11237.0
5526.0	5760.0
2169.0	2203.0
11575.0	13715.0
1931.0	1962.0
10454.0	12242.0
2150.0	2183.0
160.0	165.0
7113.0	7856.0
3376.0	3435.0
4477.0	4561.0
9212.0	10582.0
3564.0	3627.0
6888.0	7554.0
3941.0	4018.0
2485.0	2526.0
6241.0	6696.0
4994.0	5094.0
5425.0	5629.0
180.0	185.0
101.0	105.0
9882.0	11485.0
1411.0	1433.0
352.0	360.0
3358.0	3416.0
1626.0	1650.0
7392.0	8207.0
6402.0	6910.0
37.0	40.0
7560.0	8428.0
6389.0	6896.0
2676.0	2720.0
10085.0	11765.0
9511.0	10983.0
5529.0	5763.0
11729.0	13906.0
3266.0	3321.0
9056.0	10389.0
5348.0	5526.0
3179.0	3226.0
10686.0	12527.0
11616.0	13765.0
8762.0	9999.0
8072.0	9106.0
1597.0	1620.0
6590.0	7153.0
3118.0	3165.0
346.0	354.0
10745.0	12610.0
2454.0	2495.0
4962.0	5060.0
8771.0	10011.0
5461.0	5679.0
7027.0	7747.0
7974.0	8980.0
10168.0	11865.0
1776.0	1805.0
3753.0	3827.0
7544.0	8409.0
1713.0	1742.0
5756.0	6053.0
10280.0	12012.0
5618.0	5873.0
11585.0	13726.0
4881.0	4978.0
6257.0	6721.0
8680.0	9903.0
10659.0	12492.0
6692.0	7288.0
10914.0	12846.0
10052.0	11721.0
5912.0	6262.0
528.0	537.0
8154.0	9212.0
6793.0	7415.0
8623.0	9832.0
7608.0	8493.0
11734.0	13913.0
6359.0	6857.0
353.0	361.0
9753.0	11310.0
387.0	396.0
7154.0	7905.0
8514.0	9681.0
4547.0	4634.0
6925.0	7611.0
4949.0	5046.0
9934.0	11557.0
6950.0	7648.0
7319.0	8116.0
2721.0	2765.0
1412.0	1434.0
9398.0	10835.0
9908.0	11521.0
8647.0	9862.0
9228.0	10603.0
7968.0	8972.0
9036.0	10361.0
4596.0	4684.0
738.0	751.0
9681.0	11206.0
4562.0	4649.0
475.0	484.0
11210.0	13238.0
813.0	827.0
8269.0	9355.0
10384.0	12154.0
2845.0	2890.0
6405.0	6913.0
1864.0	1894.0
7890.0	8872.0
6553.0	7098.0
2919.0	2965.0
4425.0	4507.0
3609.0	3675.0
8427.0	9573.0
8324.0	9431.0
4464.0	4548.0
8704.0	9931.0
2877.0	2922.0
3478.0	3539.0
3000.0	3046.0
7008.0	7723.0
7626.0	8521.0
10070.0	11745.0
3583.0	3648.0
4038.0	4116.0
10096.0	11779.0
10573.0	12384.0
6805.0	7430.0
9740.0	11294.0
11162.0	13171.0
4491.0	4575.0
3319.0	3374.0
5815.0	6133.0
9252.0	10642.0
1946.0	1977.0
9526.0	11001.0
1080.0	1100.0
10808.0	12699.0
130.0	135.0
5724.0	6009.0
857.0	872.0
2565.0	2608.0
7136.0	7885.0
2670.0	2714.0
3256.0	3311.0
6516.0	7051.0
2553.0	2596.0
7863.0	8836.0
2795.0	2839.0
11080.0	13069.0
11573.0	13712.0
9112.0	10461.0
1832.0	1862.0
8012.0	9024.0
1797.0	1826.0
1110.0	1130.0
1120.0	1140.0
3317.0	3372.0
10841.0	12740.0
5870.0	6205.0
10884.0	12801.0
4627.0	4719.0
9329.0	10744.0
8714.0	9942.0
5479.0	5703.0
9599.0	11102.0
4530.0	4615.0
9595.0	11097.0
10730.0	12586.0
6174.0	6610.0
4840.0	4936.0
11651.0	13812.0
10631.0	12457.0
1960.0	1991.0
9069.0	10405.0
3838.0	3913.0
3230.0	3280.0
5555.0	5795.0
2046.0	2078.0
5508.0	5739.0
2199.0	2233.0
2441.0	2482.0
6363.0	6861.0
1446.0	1469.0
2998.0	3044.0
4112.0	4191.0
78.0	82.0
146.0	151.0
11577.0	13718.0
7739.0	8673.0
6581.0	7141.0
8826.0	10085.0
1171.0	1191.0
116.0	120.0
9402.0	10840.0
10221.0	11933.0
4192.0	4273.0
6663.0	7249.0
2847.0	2892.0
8400.0	9541.0
10969.0	12913.0
2007.0	2039.0
7598.0	8482.0
5749.0	6045.0
6048.0	6433.0
9201.0	10567.0
820.0	835.0
6500.0	7030.0
4914.0	5011.0
6511.0	7044.0
11708.0	13881.0
7942.0	8940.0
4533.0	4619.0
8349.0	9464.0
1663.0	1689.0
2582.0	2625.0
10480.0	12274.0
1770.0	1799.0
5876.0	6215.0
6278.0	6749.0
6876.0	7536.0
2630.0	2674.0
2173.0	2207.0
11773.0	13956.0
8143.0	9198.0
623.0	633.0
4288.0	4369.0
8795.0	10042.0
2424.0	2465.0
94.0	98.0
423.0	432.0
6333.0	6826.0
7349.0	8157.0
8332.0	9444.0
8224.0	9303.0
6487.0	7011.0
3087.0	3134.0
3892.0	3967.0
4277.0	4358.0
3070.0	3117.0
5299.0	5461.0
7973.0	8978.0
3390.0	3451.0
3608.0	3674.0
10104.0	11787.0
6587.0	7150.0
8699.0	9925.0
7707.0	8629.0
3925.0	4001.0
4092.0	4171.0
175.0	180.0
7067.0	7798.0
4183.0	4264.0
1954.0	1985.0
3548.0	3611.0
3463.0	3524.0
1901.0	1932.0
443.0	452.0
5310.0	5478.0
1172.0	1192.0
2615.0	2658.0
6717.0	7324.0
6215.0	6667.0
2714.0	2758.0
2570.0	2613.0
8295.0	9394.0
9040.0	10365.0
11049.0	13028.0
10399.0	12174.0
3053.0	3099.0
5725.0	6010.0
8442.0	9593.0
2318.0	2355.0
6883.0	7546.0
8391.0	9528.0
1464.0	1487.0
7262.0	8047.0
1898.0	1929.0
410.0	419.0
9743.0	11297.0
2244.0	2279.0
1225.0	1246.0
2680.0	2724.0
10445.0	12232.0
4527.0	4612.0
7453.0	8292.0
7279.0	8068.0
4319.0	4400.0
1576.0	1599.0
9396.0	10833.0
1764.0	1793.0
342.0	350.0
5727.0	6012.0
2728.0	2772.0
4885.0	4982.0
5505.0	5736.0
9194.0	10560.0
1328.0	1350.0
7982.0	8990.0
622.0	632.0
9539.0	11024.0
5920.0	6271.0
10547.0	12353.0
11663.0	13829.0
5637.0	5901.0
6406.0	6914.0
10918.0	12851.0
7989.0	8998.0
9395.0	10831.0
99.0	103.0
6757.0	7375.0
3244.0	3294.0
5790.0	6103.0
5417.0	5614.0
9834.0	11422.0
10259.0	11982.0
280.0	286.0
4138.0	4218.0
6297.0	6774.0
4761.0	4856.0
11215.0	13244.0
2345.0	2384.0
1355.0	1377.0
3553.0	3616.0
4696.0	4790.0
24.0	26.0
708.0	719.0
9200.0	10566.0
7278.0	8065.0
3073.0	3120.0
9898.0	11506.0
819.0	834.0
3067.0	3114.0
7617.0	8506.0
307.0	313.0
5886.0	6227.0
6165.0	6599.0
9289.0	10694.0
11297.0	13346.0
8585.0	9778.0
1262.0	1283.0
9348.0	10770.0
10170.0	11867.0
4070.0	4148.0
1894.0	1925.0
9953.0	11584.0
6365.0	6863.0
8553.0	9730.0
6093.0	6496.0
11072.0	13059.0
2654.0	2698.0
7419.0	8244.0
11497.0	13610.0
8938.0	10231.0
7013.0	7729.0
11624.0	13778.0
11599.0	13743.0
7361.0	8170.0
6550.0	7093.0
10171.0	11868.0
2412.0	2453.0
7125.0	7871.0
7052.0	7779.0
2839.0	2884.0
4377.0	4458.0
1419.0	1441.0
6486.0	7010.0
8150.0	9208.0
381.0	390.0
7039.0	7764.0
5428.0	5634.0
551.0	560.0
6080.0	6478.0
8865.0	10144.0
8682.0	9905.0
3742.0	3814.0
6540.0	7080.0
7462.0	8305.0
2348.0	2387.0
10413.0	12189.0
7304.0	8098.0
4646.0	4738.0
9680.0	11205.0
8321.0	9426.0
4367.0	4448.0
4676.0	4769.0
3299.0	3354.0
4385.0	4466.0
5465.0	5684.0
4053.0	4131.0
2456.0	2497.0
3243.0	3293.0
10578.0	12390.0
11711.0	13885.0
3080.0	3127.0
7746.0	8682.0
549.0	558.0
6235.0	6689.0
7682.0	8595.0
5455.0	5671.0
4240.0	4321.0
1778.0	1807.0
9890.0	11496.0
9634.0	11143.0
4290.0	4371.0
7567.0	8437.0
3840.0	3915.0
10396.0	12171.0
9909.0	11523.0
4733.0	4828.0
4275.0	4356.0
6896.0	7566.0
1132.0	1152.0
2521.0	2563.0
3717.0	3789.0
542.0	551.0
2104.0	2136.0
538.0	547.0
5207.0	5333.0
9068.0	10403.0
1958.0	1989.0
9662.0	11177.0
3800.0	3875.0
9234.0	10612.0
1444.0	1467.0
11597.0	13741.0
10535.0	12340.0
8.0	9.0
6479.0	7003.0
11058.0	13038.0
10516.0	12319.0
4303.0	4384.0
4340.0	4421.0
7305.0	8099.0
3985.0	4062.0
10959.0	12900.0
8969.0	10269.0
4189.0	4270.0
9710.0	11249.0
6889.0	7556.0
8232.0	9312.0
9195.0	10561.0
9259.0	10651.0
5594.0	5844.0
1551.0	1574.0
5910.0	6260.0
3374.0	3433.0
5085.0	5187.0
816.0	831.0
3422.0	3483.0
1420.0	1442.0
10913.0	12843.0
10595.0	12412.0
4123.0	4203.0
7648.0	8552.0
2883.0	2928.0
1608.0	1631.0
6566.0	7118.0
360.0	368.0
4132.0	4212.0
3047.0	3093.0
6897.0	7567.0
59.0	63.0
10679.0	12516.0
1633.0	1657.0
8652.0	9867.0
2268.0	2305.0
1339.0	1361.0
8222.0	9300.0
8385.0	9520.0
8029.0	9053.0
7499.0	8350.0
9992.0	11639.0
2612.0	2655.0
2234.0	2269.0
2432.0	2473.0
9320.0	10731.0
361.0	369.0
1095.0	1115.0
5092.0	5196.0
3756.0	3830.0
9651.0	11164.0
2141.0	2174.0
8968.0	10268.0
4346.0	4427.0
7783.0	8736.0
2647.0	2691.0
4686.0	4780.0
8944.0	10237.0
4350.0	4431.0
4943.0	5040.0
10477.0	12268.0
5670.0	5943.0
2546.0	2589.0
7025.0	7745.0
11643.0	13804.0
510.0	519.0
5591.0	5840.0
1955.0	1986.0
8614.0	9822.0
3883.0	3958.0
6943.0	7638.0
10846.0	12747.0
8855.0	10132.0
9598.0	11101.0
2688.0	2732.0
828.0	843.0
7881.0	8859.0
9386.0	10820.0
8989.0	10300.0
6210.0	6658.0
8961.0	10261.0
4972.0	5070.0
11381.0	13465.0
7958.0	8961.0
665.0	676.0
3599.0	3664.0
9336.0	10755.0
2936.0	2982.0
4256.0	4337.0
5268.0	5410.0
9759.0	11317.0
2871.0	2916.0
4486.0	4570.0
8573.0	9756.0
8756.0	9991.0
9292.0	10699.0
5520.0	5753.0
637.0	648.0
10708.0	12557.0
1807.0	1836.0
1141.0	1161.0
7704.0	8626.0
5140.0	5245.0
5996.0	6370.0
11181.0	13196.0
4473.0	4557.0
2851.0	2896.0
6185.0	6623.0
3341.0	3397.0
2418.0	2459.0
2710.0	2754.0
8875.0	10155.0
8742.0	9974.0
3446.0	3507.0
11698.0	13869.0
9227.0	10602.0
8348.0	9463.0
8928.0	10221.0
4012.0	4089.0
6166.0	6601.0
3168.0	3215.0
9160.0	10517.0
565.0	574.0
7036.0	7759.0
7206.0	7979.0
8136.0	9188.0
8246.0	9328.0
5582.0	5829.0
11604.0	13750.0
2921.0	2967.0
2131.0	2164.0
11153.0	13162.0
111.0	115.0
8695.0	9921.0
4531.0	4616.0
3869.0	3944.0
5328.0	5501.0
707.0	718.0
1520.0	1543.0
8196.0	9269.0
5799.0	6114.0
2761.0	2805.0
3523.0	3584.0
697.0	708.0
6465.0	6987.0
9801.0	11378.0
7905.0	8894.0
407.0	416.0
10308.0	12049.0
6977.0	7684.0
569.0	578.0
4397.0	4478.0
1492.0	1515.0
10597.0	12416.0
7950.0	8952.0
210.0	216.0
7666.0	8576.0
2414.0	2455.0
143.0	148.0
4930.0	5027.0
4014.0	4091.0
7578.0	8453.0
7570.0	8442.0
3040.0	3086.0
2516.0	2558.0
8329.0	9440.0
1321.0	1343.0
630.0	641.0
4522.0	4607.0
7240.0	8020.0
380.0	389.0
10908.0	12835.0
6254.0	6716.0
10234.0	11948.0
3630.0	3698.0
483.0	492.0
6555.0	7100.0
3213.0	3263.0
3757.0	3831.0
2130.0	2163.0
4820.0	4916.0
8643.0	9857.0
7988.0	8996.0
4212.0	4293.0
6806.0	7432.0
9400.0	10837.0
4647.0	4739.0
2019.0	2051.0
11621.0	13774.0
7442.0	8278.0
3493.0	3554.0
3962.0	4039.0
11600.0	13744.0
10525.0	12330.0
2388.0	2428.0
6545.0	7085.0
3229.0	3279.0
10980.0	12925.0
8588.0	9782.0
2583.0	2626.0
7106.0	7849.0
5525.0	5759.0
4122.0	4201.0
8095.0	9133.0
4535.0	4621.0
5906.0	6254.0
11291.0	13339.0
3443.0	3504.0
3298.0	3353.0
246.0	252.0
8828.0	10088.0
1327.0	1349.0
4260.0	4341.0
2462.0	2503.0
2015.0	2047.0
